s_State,s_Volume,s_state_id,s_lat,s_lon,e_locality,e_locality_id,e_lat,e_lon,e_Volume
Argin,65,SD17014PB3,21.988934,31.153322,Al Hasahisa,SD15034,14.78013,32.925545,1220
Argin,40610,SD17014PB3,21.988934,31.153322,Al Hasahisa,SD15034,14.78013,32.925545,4324
Argin,65,SD17014PB3,21.988934,31.153322,Al Kamlin,SD15035,15.128601,32.940258,4739
Argin,40610,SD17014PB3,21.988934,31.153322,Al Kamlin,SD15035,15.128601,32.940258,51185
Argin,65,SD17014PB3,21.988934,31.153322,Al Manaqil,SD15036,14.132764,32.934234,9348
